fault_mode,target,duration_type,extra_mode_key,extra_mode_value,recovery_mode,n,null_result_rate,degradation_area_mean,degradation_area_ci95,safety_excess_mean,safety_excess_ci95,fraction_time_healthy_mean,fraction_time_healthy_ci95,relapse_count_mean,relapse_count_ci95,false_recovery_rate_mean,false_recovery_rate_ci95,intervention_recall_mean,intervention_recall_ci95
actuator_degradation,both,permanent,mode,restrict,fault_tolerant_marl,8,0.0,149.8365,3.2937,1256.5,57.2501,0.0101,0.0087,0.0,0.0,,,,
actuator_degradation,both,permanent,mode,restrict,llm_replanning,8,0.0,57.0162,11.5515,264.0,75.4809,0.3548,0.0468,0.5,0.3704,0.0107,0.0158,0.6051,0.0507
actuator_degradation,both,permanent,mode,restrict,none,8,0.0,141.6759,8.03,2638.625,126.8495,0.0171,0.0151,0.0,0.0,,,,
actuator_degradation,both,permanent,mode,restrict,rule_based,8,0.0,27.3879,5.8583,150.875,36.5679,0.5434,0.0382,0.0,0.0,0.0,0.0,1.0,0.0
actuator_degradation,both,permanent,mode,restrict,rule_based_detect,8,0.0,40.9964,8.8888,157.25,41.5973,0.415,0.0362,0.0,0.0,0.013,0.0192,0.5455,0.0313
actuator_degradation,both,permanent,mode,restrict,supervisor,8,0.0,44.58,7.7017,216.75,27.1958,0.4095,0.0314,0.25,0.3208,0.2549,0.0336,0.7657,0.0241
actuator_degradation,both,permanent,mode,slip,fault_tolerant_marl,8,0.0,27.5391,10.3577,96.875,65.3904,0.4612,0.0688,0.125,0.245,,,,
actuator_degradation,both,permanent,mode,slip,llm_replanning,8,0.0,27.0617,12.5228,128.625,67.2782,0.5254,0.0876,0.75,0.3208,0.013,0.0185,0.346,0.1168
actuator_degradation,both,permanent,mode,slip,none,8,0.0,31.5954,14.8777,149.375,77.7162,0.5175,0.0874,0.625,0.3586,,,,
actuator_degradation,both,permanent,mode,slip,rule_based,8,0.0,27.3879,5.8583,150.875,36.5679,0.5434,0.0382,0.0,0.0,0.0,0.0,1.0,0.0
actuator_degradation,both,permanent,mode,slip,rule_based_detect,8,0.25,21.6698,12.6593,102.625,65.2943,0.5204,0.1007,0.5,0.5238,0.0136,0.0197,0.3466,0.1136
actuator_degradation,both,permanent,mode,slip,supervisor,8,0.0,18.0841,5.8045,100.875,35.3741,0.5912,0.0604,0.375,0.3586,0.2547,0.0338,0.767,0.0129
actuator_degradation,both,permanent,mode,stuck,fault_tolerant_marl,8,0.0,147.3227,4.8124,2971.375,98.2523,0.0,0.0,0.0,0.0,,,,
actuator_degradation,both,permanent,mode,stuck,llm_replanning,8,0.0,83.4257,15.1691,540.0,266.7789,0.2349,0.0646,0.0,0.0,0.0089,0.013,0.77,0.0529
actuator_degradation,both,permanent,mode,stuck,none,8,0.0,148.2323,8.2205,2943.875,106.6365,0.0,0.0,0.0,0.0,,,,
actuator_degradation,both,permanent,mode,stuck,rule_based,8,0.0,27.3879,5.8583,150.875,36.5679,0.5434,0.0382,0.0,0.0,0.0,0.0,1.0,0.0
actuator_degradation,both,permanent,mode,stuck,rule_based_detect,8,0.0,46.9408,3.8541,190.625,25.6221,0.401,0.0276,0.0,0.0,0.0098,0.0145,0.6443,0.0185
actuator_degradation,both,permanent,mode,stuck,supervisor,8,0.0,62.9648,18.0632,343.375,132.5641,0.3551,0.0791,0.0,0.0,0.2603,0.0434,0.7512,0.0404
actuator_degradation,both,transient,mode,restrict,fault_tolerant_marl,8,0.0,37.2745,9.1686,164.25,52.7782,0.3939,0.063,0.625,0.5156,,,,
actuator_degradation,both,transient,mode,restrict,llm_replanning,8,0.0,19.6748,8.6754,81.875,31.8816,0.5402,0.0498,0.375,0.3586,0.8301,0.0817,0.3875,0.1092
actuator_degradation,both,transient,mode,restrict,none,8,0.0,34.7453,10.1319,173.625,61.2894,0.4934,0.0619,0.5,0.3704,,,,
actuator_degradation,both,transient,mode,restrict,rule_based,8,0.0,8.0621,3.061,32.5,11.6073,0.6557,0.0263,0.5,0.3704,0.0,0.0,1.0,0.0
actuator_degradation,both,transient,mode,restrict,rule_based_detect,8,0.5,16.0231,12.6505,68.0,52.2166,0.5531,0.0749,0.625,0.3586,0.8204,0.0861,0.3938,0.1133
actuator_degradation,both,transient,mode,restrict,supervisor,8,0.0,11.0098,6.7535,42.0,39.4321,0.614,0.0514,0.5,0.3704,0.9066,0.0109,0.7125,0.0921
actuator_degradation,both,transient,mode,slip,fault_tolerant_marl,8,0.375,9.3599,8.2839,31.625,27.0698,0.5831,0.0513,1.125,0.5783,,,,
actuator_degradation,both,transient,mode,slip,llm_replanning,8,0.25,11.2775,7.5494,53.875,41.5571,0.6216,0.052,0.625,0.3586,0.8845,0.082,0.2062,0.1248
actuator_degradation,both,transient,mode,slip,none,8,0.25,10.7628,8.3857,54.5,46.8969,0.6408,0.0686,0.5,0.3704,,,,
actuator_degradation,both,transient,mode,slip,rule_based,8,0.0,8.0621,3.061,32.5,11.6073,0.6557,0.0263,0.5,0.3704,0.0,0.0,1.0,0.0
actuator_degradation,both,transient,mode,slip,rule_based_detect,8,0.25,5.8185,2.8277,25.375,11.812,0.617,0.0194,0.375,0.3586,0.915,0.0565,0.1813,0.1228
actuator_degradation,both,transient,mode,slip,supervisor,8,0.25,11.3678,10.5468,64.375,65.1997,0.6145,0.1113,0.5,0.3704,0.9068,0.0102,0.7188,0.0716
actuator_degradation,both,transient,mode,stuck,fault_tolerant_marl,8,0.0,45.7982,8.7068,274.125,60.6056,0.4007,0.0555,0.5,0.3704,,,,
actuator_degradation,both,transient,mode,stuck,llm_replanning,8,0.0,13.8005,5.6227,61.125,32.2453,0.5927,0.0381,0.125,0.245,0.7705,0.0543,0.4812,0.1322
actuator_degradation,both,transient,mode,stuck,none,8,0.0,43.7761,9.8224,253.5,55.8207,0.4434,0.0571,0.625,0.5156,,,,
actuator_degradation,both,transient,mode,stuck,rule_based,8,0.0,8.0621,3.061,32.5,11.6073,0.6557,0.0263,0.5,0.3704,0.0,0.0,1.0,0.0
actuator_degradation,both,transient,mode,stuck,rule_based_detect,8,0.5,6.2532,5.3374,30.5,25.04,0.6372,0.0175,0.875,0.245,0.7819,0.0698,0.425,0.0786
actuator_degradation,both,transient,mode,stuck,supervisor,8,0.0,7.5244,1.9459,28.0,7.3803,0.6552,0.0204,0.25,0.3208,0.9055,0.013,0.725,0.1014
actuator_degradation,press,permanent,mode,restrict,fault_tolerant_marl,8,0.0,125.0106,7.0161,1248.125,73.857,0.0093,0.009,0.0,0.0,,,,
actuator_degradation,press,permanent,mode,restrict,llm_replanning,8,0.0,40.7555,8.8987,226.625,47.4971,0.3896,0.0364,0.125,0.245,0.0116,0.0164,0.5733,0.0431
actuator_degradation,press,permanent,mode,restrict,none,8,0.0,121.5856,7.4504,1912.25,458.2578,0.0222,0.0185,0.0,0.0,,,,
actuator_degradation,press,permanent,mode,restrict,rule_based,8,0.0,27.3879,5.8583,150.875,36.5679,0.5434,0.0382,0.0,0.0,0.0,0.0,1.0,0.0
actuator_degradation,press,permanent,mode,restrict,rule_based_detect,8,0.0,38.7717,3.9761,194.125,23.4541,0.4154,0.0269,0.875,0.245,0.0113,0.017,0.5894,0.0129
actuator_degradation,press,permanent,mode,restrict,supervisor,8,0.0,43.2435,5.2129,219.75,21.8751,0.4029,0.0131,0.0,0.0,0.2495,0.0347,0.7892,0.0206
actuator_degradation,press,permanent,mode,slip,fault_tolerant_marl,8,0.0,15.7373,6.3181,62.625,25.5793,0.5312,0.0395,0.375,0.3586,,,,
actuator_degradation,press,permanent,mode,slip,llm_replanning,8,0.0,25.9245,10.9149,136.75,69.1942,0.5119,0.0709,0.25,0.3208,0.021,0.0281,0.3536,0.0789
actuator_degradation,press,permanent,mode,slip,none,8,0.0,25.5417,7.5141,127.75,44.14,0.5235,0.0633,0.375,0.3586,,,,
actuator_degradation,press,permanent,mode,slip,rule_based,8,0.0,27.3879,5.8583,150.875,36.5679,0.5434,0.0382,0.0,0.0,0.0,0.0,1.0,0.0
actuator_degradation,press,permanent,mode,slip,rule_based_detect,8,0.125,11.3095,7.5006,66.625,40.464,0.5805,0.0396,0.25,0.3208,0.0205,0.0264,0.3338,0.0562
actuator_degradation,press,permanent,mode,slip,supervisor,8,0.0,24.0255,13.6759,122.125,73.6431,0.5443,0.0818,0.25,0.3208,0.2572,0.0373,0.7583,0.0201
actuator_degradation,press,permanent,mode,stuck,fault_tolerant_marl,8,0.0,126.401,4.3342,2815.125,94.1292,0.0,0.0,0.0,0.0,,,,
actuator_degradation,press,permanent,mode,stuck,llm_replanning,8,0.0,70.061,14.2995,478.875,178.7992,0.273,0.0736,0.125,0.245,0.0091,0.0131,0.7403,0.0586
actuator_degradation,press,permanent,mode,stuck,none,8,0.0,124.9019,6.9429,2791.5,100.723,0.0,0.0,0.0,0.0,,,,
actuator_degradation,press,permanent,mode,stuck,rule_based,8,0.0,27.3879,5.8583,150.875,36.5679,0.5434,0.0382,0.0,0.0,0.0,0.0,1.0,0.0
actuator_degradation,press,permanent,mode,stuck,rule_based_detect,8,0.0,29.5495,3.65,175.875,24.3862,0.4567,0.0252,0.0,0.0,0.0107,0.0158,0.5934,0.0173
actuator_degradation,press,permanent,mode,stuck,supervisor,8,0.0,53.6576,8.9569,309.25,42.2063,0.3634,0.0498,0.125,0.245,0.2603,0.0433,0.7511,0.0439
actuator_degradation,press,transient,mode,restrict,fault_tolerant_marl,8,0.0,29.8682,6.0948,142.5,48.1185,0.4426,0.0439,0.5,0.3704,,,,
actuator_degradation,press,transient,mode,restrict,llm_replanning,8,0.25,19.9494,14.7954,95.75,74.028,0.5425,0.0958,0.375,0.3586,0.8145,0.0883,0.375,0.1283
actuator_degradation,press,transient,mode,restrict,none,8,0.0,28.8183,11.4313,149.5,69.1915,0.5162,0.0565,0.375,0.3586,,,,
actuator_degradation,press,transient,mode,restrict,rule_based,8,0.0,8.0621,3.061,32.5,11.6073,0.6557,0.0263,0.5,0.3704,0.0,0.0,1.0,0.0
actuator_degradation,press,transient,mode,restrict,rule_based_detect,8,0.5,14.689,12.8475,71.375,61.2368,0.5691,0.0733,0.875,0.245,0.8091,0.0846,0.3812,0.1269
actuator_degradation,press,transient,mode,restrict,supervisor,8,0.125,9.9318,7.2575,40.625,39.8748,0.6302,0.0587,0.5,0.3704,0.9054,0.0111,0.725,0.098
actuator_degradation,press,transient,mode,slip,fault_tolerant_marl,8,0.625,2.6537,2.7469,3.125,4.014,0.5907,0.0358,1.125,0.4441,,,,
actuator_degradation,press,transient,mode,slip,llm_replanning,8,0.25,13.7344,9.8769,65.125,54.474,0.5941,0.0757,0.375,0.3586,0.8516,0.0796,0.2625,0.128
actuator_degradation,press,transient,mode,slip,none,8,0.25,8.6279,6.4972,39.875,38.4534,0.6418,0.0501,0.25,0.3208,,,,
actuator_degradation,press,transient,mode,slip,rule_based,8,0.0,8.0621,3.061,32.5,11.6073,0.6557,0.0263,0.5,0.3704,0.0,0.0,1.0,0.0
actuator_degradation,press,transient,mode,slip,rule_based_detect,8,0.625,2.4785,2.5438,11.375,12.3236,0.642,0.0267,0.5,0.3704,0.8591,0.0751,0.2438,0.1315
actuator_degradation,press,transient,mode,slip,supervisor,8,0.25,9.3668,7.452,42.5,48.1427,0.626,0.0682,0.25,0.3208,0.9017,0.0107,0.7688,0.0847
actuator_degradation,press,transient,mode,stuck,fault_tolerant_marl,8,0.0,44.6732,7.3826,278.0,55.4829,0.3931,0.0492,0.5,0.3704,,,,
actuator_degradation,press,transient,mode,stuck,llm_replanning,8,0.125,15.7886,13.4651,70.0,67.0198,0.5817,0.079,0.25,0.3208,0.7723,0.0623,0.4688,0.0979
actuator_degradation,press,transient,mode,stuck,none,8,0.0,46.7262,10.0868,280.375,62.9634,0.4244,0.0504,0.625,0.5156,,,,
actuator_degradation,press,transient,mode,stuck,rule_based,8,0.0,8.0621,3.061,32.5,11.6073,0.6557,0.0263,0.5,0.3704,0.0,0.0,1.0,0.0
actuator_degradation,press,transient,mode,stuck,rule_based_detect,8,0.5,9.5588,8.8841,42.875,38.0571,0.6009,0.054,0.75,0.3208,0.7894,0.0686,0.4312,0.0762
actuator_degradation,press,transient,mode,stuck,supervisor,8,0.0,7.9059,2.1135,30.125,7.4858,0.6492,0.019,0.25,0.3208,0.9068,0.0132,0.7188,0.1047
actuator_degradation,sort,permanent,mode,restrict,fault_tolerant_marl,8,0.0,18.8139,2.6266,19.375,14.7927,0.4531,0.0619,0.25,0.3208,,,,
actuator_degradation,sort,permanent,mode,restrict,llm_replanning,8,0.25,16.5192,13.3442,68.5,63.5782,0.6287,0.0793,0.75,0.3208,0.0211,0.0315,0.1939,0.11
actuator_degradation,sort,permanent,mode,restrict,none,8,0.0,14.5466,8.6611,53.375,40.2907,0.653,0.0576,0.75,0.3208,,,,
actuator_degradation,sort,permanent,mode,restrict,rule_based,8,1.0,0.0,0.0,0.0,0.0,0.706,0.0228,0.5,0.3704,0.0,0.0,1.0,0.0
actuator_degradation,sort,permanent,mode,restrict,rule_based_detect,8,0.5,9.9773,7.629,36.125,27.5807,0.6307,0.0636,0.25,0.3208,0.0187,0.0275,0.2034,0.1033
actuator_degradation,sort,permanent,mode,restrict,supervisor,8,0.625,1.6475,0.6686,7.5,5.6175,0.7026,0.0269,0.5,0.3704,0.243,0.0311,0.8155,0.0141
actuator_degradation,sort,permanent,mode,slip,fault_tolerant_marl,8,0.0,18.9129,4.9415,42.625,19.9123,0.51,0.0632,0.375,0.5156,,,,
actuator_degradation,sort,permanent,mode,slip,llm_replanning,8,0.5,12.5349,9.5292,55.5,46.0808,0.6246,0.0824,0.5,0.5238,0.0212,0.0332,0.1923,0.102
actuator_degradation,sort,permanent,mode,slip,none,8,0.5,13.4501,9.7181,60.75,46.192,0.6323,0.0797,0.625,0.735,,,,
actuator_degradation,sort,permanent,mode,slip,rule_based,8,1.0,0.0,0.0,0.0,0.0,0.706,0.0228,0.5,0.3704,0.0,0.0,1.0,0.0
actuator_degradation,sort,permanent,mode,slip,rule_based_detect,8,0.5,9.5373,7.338,38.125,28.6159,0.6216,0.0809,0.5,0.5238,0.0181,0.0262,0.2122,0.1097
actuator_degradation,sort,permanent,mode,slip,supervisor,8,0.375,4.7274,2.981,26.625,19.9261,0.682,0.0418,0.5,0.3704,0.2483,0.0309,0.7919,0.0149
actuator_degradation,sort,permanent,mode,stuck,fault_tolerant_marl,8,0.0,23.2818,5.6296,34.25,24.7943,0.3981,0.0721,0.125,0.245,,,,
actuator_degradation,sort,permanent,mode,stuck,llm_replanning,8,0.0,16.0465,5.6535,57.875,28.8808,0.6277,0.0423,1.625,0.735,0.0198,0.0296,0.209,0.0718
actuator_degradation,sort,permanent,mode,stuck,none,8,0.0,17.7198,6.5389,66.625,31.1602,0.6381,0.0472,1.75,0.6142,,,,
actuator_degradation,sort,permanent,mode,stuck,rule_based,8,1.0,0.0,0.0,0.0,0.0,0.706,0.0228,0.5,0.3704,0.0,0.0,1.0,0.0
actuator_degradation,sort,permanent,mode,stuck,rule_based_detect,8,0.0,12.9733,5.7401,44.25,22.9435,0.6182,0.0558,1.25,0.9623,0.0187,0.0275,0.2303,0.0849
actuator_degradation,sort,permanent,mode,stuck,supervisor,8,0.625,1.1826,0.939,7.5,5.6175,0.7154,0.0359,1.0,0.8283,0.2535,0.039,0.7758,0.0297
actuator_degradation,sort,transient,mode,restrict,fault_tolerant_marl,8,0.5,3.0835,2.4256,10.125,9.2188,0.5911,0.023,1.5,0.3704,,,,
actuator_degradation,sort,transient,mode,restrict,llm_replanning,8,0.625,1.3663,1.3592,8.375,9.2819,0.6848,0.0287,0.75,0.3208,0.8759,0.0911,0.15,0.108
actuator_degradation,sort,transient,mode,restrict,none,8,0.75,1.3223,1.2608,8.5,9.223,0.6933,0.0254,0.75,0.3208,,,,
actuator_degradation,sort,transient,mode,restrict,rule_based,8,1.0,0.0,0.0,0.0,0.0,0.706,0.0228,0.5,0.3704,0.0,0.0,1.0,0.0
actuator_degradation,sort,transient,mode,restrict,rule_based_detect,8,0.5,2.2679,1.8221,8.625,9.4865,0.6285,0.0231,0.5,0.3704,0.8917,0.0749,0.1875,0.1293
actuator_degradation,sort,transient,mode,restrict,supervisor,8,1.0,0.2835,0.2412,0.5,0.5238,0.7035,0.0238,0.5,0.3704,0.9032,0.0104,0.775,0.0828
actuator_degradation,sort,transient,mode,slip,fault_tolerant_marl,8,0.375,3.3222,1.6676,9.625,6.4788,0.5761,0.0228,1.5,0.3704,,,,
actuator_degradation,sort,transient,mode,slip,llm_replanning,8,0.5,8.6531,11.1969,42.0,55.9238,0.6435,0.0743,0.625,0.5156,0.916,0.0747,0.1375,0.1225
actuator_degradation,sort,transient,mode,slip,none,8,0.625,2.0126,1.6517,12.0,10.7034,0.693,0.0324,0.75,0.49,,,,
actuator_degradation,sort,transient,mode,slip,rule_based,8,1.0,0.0,0.0,0.0,0.0,0.706,0.0228,0.5,0.3704,0.0,0.0,1.0,0.0
actuator_degradation,sort,transient,mode,slip,rule_based_detect,8,0.625,2.5574,1.9805,12.375,10.4171,0.6375,0.0295,0.625,0.5156,0.9241,0.0646,0.15,0.1283
actuator_degradation,sort,transient,mode,slip,supervisor,8,1.0,0.6911,0.2786,4.0,3.5334,0.701,0.0229,0.5,0.3704,0.9058,0.0109,0.7563,0.0897
actuator_degradation,sort,transient,mode,stuck,fault_tolerant_marl,8,0.375,6.9868,4.7107,23.5,16.7217,0.5317,0.0351,0.875,0.4441,,,,
actuator_degradation,sort,transient,mode,stuck,llm_replanning,8,0.75,1.4506,1.8693,10.0,11.4586,0.6962,0.0373,1.0,0.6416,0.8914,0.0993,0.1312,0.117
actuator_degradation,sort,transient,mode,stuck,none,8,0.75,1.1173,1.3406,8.375,9.2819,0.7104,0.0364,1.125,0.5783,,,,
actuator_degradation,sort,transient,mode,stuck,rule_based,8,1.0,0.0,0.0,0.0,0.0,0.706,0.0228,0.5,0.3704,0.0,0.0,1.0,0.0
actuator_degradation,sort,transient,mode,stuck,rule_based_detect,8,0.625,1.7215,2.0197,8.375,9.6016,0.6482,0.0362,0.875,0.6867,0.9167,0.0741,0.1562,0.1354
actuator_degradation,sort,transient,mode,stuck,supervisor,8,1.0,0.1048,0.1252,0.75,0.8073,0.7121,0.0297,0.75,0.6142,0.9047,0.0108,0.7562,0.0857
agent_dropout,both,permanent,,,fault_tolerant_marl,8,0.0,146.7084,5.5266,2920.375,98.2153,0.0,0.0,0.0,0.0,,,,
agent_dropout,both,permanent,,,llm_replanning,8,0.0,68.0541,9.6473,367.75,72.2231,0.29,0.0618,0.0,0.0,0.009,0.013,0.7154,0.0479
agent_dropout,both,permanent,,,none,8,0.0,147.9406,7.4804,2894.75,103.5133,0.0,0.0,0.0,0.0,,,,
agent_dropout,both,permanent,,,rule_based,8,0.0,27.3879,5.8583,150.875,36.5679,0.5434,0.0382,0.0,0.0,0.0,0.0,1.0,0.0
agent_dropout,both,permanent,,,rule_based_detect,8,0.0,44.9391,4.9349,179.75,25.1705,0.4256,0.0418,0.0,0.0,0.0098,0.0145,0.627,0.0292
agent_dropout,both,permanent,,,supervisor,8,0.0,59.4925,9.9894,302.875,38.2925,0.3663,0.0577,0.125,0.245,0.2533,0.036,0.7735,0.025
agent_dropout,both,transient,,,fault_tolerant_marl,8,0.0,44.841,7.3119,272.875,59.9947,0.3994,0.0505,0.375,0.3586,,,,
agent_dropout,both,transient,,,llm_replanning,8,0.0,17.5231,8.4058,73.25,43.3259,0.5646,0.0418,0.0,0.0,0.7847,0.0564,0.4938,0.1328
agent_dropout,both,transient,,,none,8,0.0,47.8641,11.555,282.0,68.9163,0.4202,0.0623,0.5,0.5238,,,,
agent_dropout,both,transient,,,rule_based,8,0.0,8.0621,3.061,32.5,11.6073,0.6557,0.0263,0.5,0.3704,0.0,0.0,1.0,0.0
agent_dropout,both,transient,,,rule_based_detect,8,0.5,12.3064,9.5178,51.5,37.8231,0.5718,0.0607,0.625,0.3586,0.8095,0.0781,0.4312,0.0762
agent_dropout,both,transient,,,supervisor,8,0.0,8.211,2.0225,30.5,6.9494,0.6458,0.0203,0.25,0.3208,0.9051,0.0123,0.725,0.0962
agent_dropout,press,permanent,,,fault_tolerant_marl,8,0.0,126.401,4.3342,2815.125,94.1292,0.0,0.0,0.0,0.0,,,,
agent_dropout,press,permanent,,,llm_replanning,8,0.0,66.8742,13.9776,446.5,140.6906,0.2896,0.0747,0.0,0.0,0.0099,0.0145,0.7265,0.0568
agent_dropout,press,permanent,,,none,8,0.0,124.9019,6.9429,2791.5,100.723,0.0,0.0,0.0,0.0,,,,
agent_dropout,press,permanent,,,rule_based,8,0.0,27.3879,5.8583,150.875,36.5679,0.5434,0.0382,0.0,0.0,0.0,0.0,1.0,0.0
agent_dropout,press,permanent,,,rule_based_detect,8,0.0,29.5495,3.65,175.875,24.3862,0.4567,0.0252,0.0,0.0,0.0107,0.0158,0.5934,0.0173
agent_dropout,press,permanent,,,supervisor,8,0.0,53.6576,8.9569,309.25,42.2063,0.3634,0.0498,0.125,0.245,0.2603,0.0433,0.7511,0.0439
agent_dropout,press,transient,,,fault_tolerant_marl,8,0.0,44.6732,7.3826,278.0,55.4829,0.3931,0.0492,0.5,0.3704,,,,
agent_dropout,press,transient,,,llm_replanning,8,0.125,14.2368,9.3424,67.875,54.0239,0.5863,0.0567,0.25,0.3208,0.7596,0.0668,0.4875,0.128
agent_dropout,press,transient,,,none,8,0.0,46.7262,10.0868,280.375,62.9634,0.4244,0.0504,0.625,0.5156,,,,
agent_dropout,press,transient,,,rule_based,8,0.0,8.0621,3.061,32.5,11.6073,0.6557,0.0263,0.5,0.3704,0.0,0.0,1.0,0.0
agent_dropout,press,transient,,,rule_based_detect,8,0.5,9.5588,8.8841,42.875,38.0571,0.6009,0.054,0.75,0.3208,0.7894,0.0686,0.4312,0.0762
agent_dropout,press,transient,,,supervisor,8,0.0,7.9059,2.1135,30.125,7.4858,0.6492,0.019,0.25,0.3208,0.9068,0.0132,0.7188,0.1047
agent_dropout,sort,permanent,,,fault_tolerant_marl,8,0.0,18.8139,2.6266,19.375,14.7927,0.4531,0.0619,0.25,0.3208,,,,
agent_dropout,sort,permanent,,,llm_replanning,8,0.25,16.0236,13.0287,63.75,64.0209,0.6257,0.0794,0.5,0.3704,0.0211,0.0315,0.1966,0.105
agent_dropout,sort,permanent,,,none,8,0.0,14.5466,8.6611,53.375,40.2907,0.653,0.0576,0.75,0.3208,,,,
agent_dropout,sort,permanent,,,rule_based,8,1.0,0.0,0.0,0.0,0.0,0.706,0.0228,0.5,0.3704,0.0,0.0,1.0,0.0
agent_dropout,sort,permanent,,,rule_based_detect,8,0.5,9.9773,7.629,36.125,27.5807,0.6307,0.0636,0.25,0.3208,0.0187,0.0275,0.2034,0.1033
agent_dropout,sort,permanent,,,supervisor,8,0.625,1.6475,0.6686,7.5,5.6175,0.7026,0.0269,0.5,0.3704,0.243,0.0311,0.8155,0.0141
agent_dropout,sort,transient,,,fault_tolerant_marl,8,0.5,3.0835,2.4256,10.125,9.2188,0.5911,0.023,1.5,0.3704,,,,
agent_dropout,sort,transient,,,llm_replanning,8,0.375,8.2255,12.1264,39.375,62.862,0.6357,0.0728,0.625,0.3586,0.8517,0.1143,0.1687,0.1199
agent_dropout,sort,transient,,,none,8,0.75,1.3223,1.2608,8.5,9.223,0.6933,0.0254,0.75,0.3208,,,,
agent_dropout,sort,transient,,,rule_based,8,1.0,0.0,0.0,0.0,0.0,0.706,0.0228,0.5,0.3704,0.0,0.0,1.0,0.0
agent_dropout,sort,transient,,,rule_based_detect,8,0.5,2.2679,1.8221,8.625,9.4865,0.6285,0.0231,0.5,0.3704,0.8917,0.0749,0.1875,0.1293
agent_dropout,sort,transient,,,supervisor,8,1.0,0.2835,0.2412,0.5,0.5238,0.7035,0.0238,0.5,0.3704,0.9032,0.0104,0.775,0.0828
byzantine,both,permanent,byzantine_mode,fixed_malicious,fault_tolerant_marl,8,0.0,149.1996,5.8886,2981.75,118.4172,0.0,0.0,0.0,0.0,,,,
byzantine,both,permanent,byzantine_mode,fixed_malicious,llm_replanning,8,0.0,85.6536,12.9713,517.875,264.0117,0.2236,0.0437,0.0,0.0,0.009,0.013,0.768,0.0431
byzantine,both,permanent,byzantine_mode,fixed_malicious,none,8,0.0,147.7885,5.9187,2959.25,124.397,0.0,0.0,0.0,0.0,,,,
byzantine,both,permanent,byzantine_mode,fixed_malicious,rule_based,8,0.0,27.3879,5.8583,150.875,36.5679,0.5434,0.0382,0.0,0.0,0.0,0.0,1.0,0.0
byzantine,both,permanent,byzantine_mode,fixed_malicious,rule_based_detect,8,0.0,41.5062,5.4005,167.125,31.1282,0.4278,0.0521,0.0,0.0,0.0102,0.0155,0.6102,0.0348
byzantine,both,permanent,byzantine_mode,fixed_malicious,supervisor,8,0.0,66.953,11.4284,357.5,88.8671,0.3454,0.0567,0.125,0.245,0.2565,0.033,0.7592,0.0339
byzantine,both,permanent,byzantine_mode,random_malicious,fault_tolerant_marl,8,0.0,143.0474,11.8825,1070.875,132.4438,0.0335,0.0252,0.0,0.0,,,,
byzantine,both,permanent,byzantine_mode,random_malicious,llm_replanning,8,0.0,117.9213,9.3563,792.75,76.6898,0.1074,0.0292,0.0,0.0,0.0073,0.0107,0.8617,0.0368
byzantine,both,permanent,byzantine_mode,random_malicious,none,8,0.0,143.485,10.8587,1065.25,143.7624,0.0226,0.0176,0.0,0.0,,,,
byzantine,both,permanent,byzantine_mode,random_malicious,rule_based,8,0.0,27.3879,5.8583,150.875,36.5679,0.5434,0.0382,0.0,0.0,0.0,0.0,1.0,0.0
byzantine,both,permanent,byzantine_mode,random_malicious,rule_based_detect,8,0.0,69.308,12.6795,335.125,86.5175,0.2678,0.0647,0.25,0.3208,0.0082,0.0119,0.7292,0.0693
byzantine,both,permanent,byzantine_mode,random_malicious,supervisor,8,0.0,95.3218,12.9293,575.0,80.6778,0.1879,0.0523,0.125,0.245,0.2508,0.0317,0.7827,0.0324
byzantine,both,permanent,byzantine_mode,worst_action,fault_tolerant_marl,8,0.0,174.4263,7.3368,2541.875,107.5499,0.0017,0.0022,0.0,0.0,,,,
byzantine,both,permanent,byzantine_mode,worst_action,llm_replanning,8,0.0,152.2751,6.0778,1769.625,119.8923,0.0,0.0,0.0,0.0,0.007,0.0104,0.9513,0.0125
byzantine,both,permanent,byzantine_mode,worst_action,none,8,0.0,170.7367,8.0164,2421.375,119.0021,0.0,0.0,0.0,0.0,,,,
byzantine,both,permanent,byzantine_mode,worst_action,rule_based,8,0.0,27.3879,5.8583,150.875,36.5679,0.5434,0.0382,0.0,0.0,0.0,0.0,1.0,0.0
byzantine,both,permanent,byzantine_mode,worst_action,rule_based_detect,8,0.0,94.1814,8.5328,476.375,79.7275,0.1434,0.0292,0.0,0.0,0.0077,0.0113,0.8261,0.0311
byzantine,both,permanent,byzantine_mode,worst_action,supervisor,8,0.0,128.2159,8.485,1109.625,149.0999,0.0679,0.017,0.0,0.0,0.244,0.0322,0.8123,0.0338
byzantine,both,transient,byzantine_mode,fixed_malicious,fault_tolerant_marl,8,0.0,46.6146,7.2447,271.75,61.8441,0.3952,0.0496,0.25,0.3208,,,,
byzantine,both,transient,byzantine_mode,fixed_malicious,llm_replanning,8,0.0,24.9682,13.364,113.625,64.9308,0.5215,0.0914,0.25,0.3208,0.8204,0.0432,0.4688,0.136
byzantine,both,transient,byzantine_mode,fixed_malicious,none,8,0.0,52.2317,15.4913,295.125,82.5085,0.4057,0.0837,0.25,0.3208,,,,
byzantine,both,transient,byzantine_mode,fixed_malicious,rule_based,8,0.0,8.0621,3.061,32.5,11.6073,0.6557,0.0263,0.5,0.3704,0.0,0.0,1.0,0.0
byzantine,both,transient,byzantine_mode,fixed_malicious,rule_based_detect,8,0.25,14.471,8.5474,56.75,36.0984,0.5519,0.0561,0.625,0.5156,0.836,0.047,0.4312,0.0827
byzantine,both,transient,byzantine_mode,fixed_malicious,supervisor,8,0.125,11.2074,5.4234,45.875,27.2378,0.6243,0.0416,0.25,0.3208,0.9079,0.0118,0.7125,0.0903
byzantine,both,transient,byzantine_mode,random_malicious,fault_tolerant_marl,8,0.0,27.6327,9.5896,124.0,43.2471,0.508,0.0638,1.125,0.4441,,,,
byzantine,both,transient,byzantine_mode,random_malicious,llm_replanning,8,0.0,34.5615,9.7697,191.0,66.9655,0.4781,0.076,0.75,0.3208,0.8225,0.0365,0.55,0.1171
byzantine,both,transient,byzantine_mode,random_malicious,none,8,0.0,36.715,6.4491,207.875,46.461,0.4828,0.0402,1.0,0.3704,,,,
byzantine,both,transient,byzantine_mode,random_malicious,rule_based,8,0.0,8.0621,3.061,32.5,11.6073,0.6557,0.0263,0.5,0.3704,0.0,0.0,1.0,0.0
byzantine,both,transient,byzantine_mode,random_malicious,rule_based_detect,8,0.0,25.42,9.1679,126.375,49.536,0.4707,0.0759,0.5,0.5238,0.83,0.0399,0.5188,0.0925
byzantine,both,transient,byzantine_mode,random_malicious,supervisor,8,0.125,29.1526,12.8403,146.0,67.5865,0.5136,0.0766,0.25,0.3208,0.9051,0.0116,0.725,0.0888
byzantine,both,transient,byzantine_mode,worst_action,fault_tolerant_marl,8,0.0,45.9317,9.142,315.75,40.9373,0.4509,0.0715,0.75,0.7173,,,,
byzantine,both,transient,byzantine_mode,worst_action,llm_replanning,8,0.0,42.8703,9.3601,241.0,68.8107,0.4601,0.0473,0.5,0.3704,0.8317,0.0195,0.5938,0.0795
byzantine,both,transient,byzantine_mode,worst_action,none,8,0.0,48.0326,8.3,282.875,54.823,0.4265,0.0552,0.125,0.245,,,,
byzantine,both,transient,byzantine_mode,worst_action,rule_based,8,0.0,8.0621,3.061,32.5,11.6073,0.6557,0.0263,0.5,0.3704,0.0,0.0,1.0,0.0
byzantine,both,transient,byzantine_mode,worst_action,rule_based_detect,8,0.0,37.8403,4.3715,192.375,22.552,0.4322,0.0449,0.625,0.3586,0.8501,0.0119,0.5812,0.0522
byzantine,both,transient,byzantine_mode,worst_action,supervisor,8,0.0,40.0473,3.9327,229.875,30.7959,0.4392,0.044,0.5,0.5238,0.8977,0.0067,0.7812,0.0584
byzantine,press,permanent,byzantine_mode,fixed_malicious,fault_tolerant_marl,8,0.0,126.401,4.3342,2815.125,94.1292,0.0,0.0,0.0,0.0,,,,
byzantine,press,permanent,byzantine_mode,fixed_malicious,llm_replanning,8,0.0,63.7598,19.4863,393.25,96.9774,0.3149,0.0787,0.0,0.0,0.0099,0.0145,0.7033,0.0654
byzantine,press,permanent,byzantine_mode,fixed_malicious,none,8,0.0,124.9019,6.9429,2791.5,100.723,0.0,0.0,0.0,0.0,,,,
byzantine,press,permanent,byzantine_mode,fixed_malicious,rule_based,8,0.0,27.3879,5.8583,150.875,36.5679,0.5434,0.0382,0.0,0.0,0.0,0.0,1.0,0.0
byzantine,press,permanent,byzantine_mode,fixed_malicious,rule_based_detect,8,0.0,30.9511,4.3916,176.5,24.698,0.4516,0.0292,0.0,0.0,0.0106,0.0158,0.5943,0.0181
byzantine,press,permanent,byzantine_mode,fixed_malicious,supervisor,8,0.0,53.6576,8.9569,309.25,42.2063,0.3634,0.0498,0.125,0.245,0.2603,0.0433,0.7511,0.0439
byzantine,press,permanent,byzantine_mode,random_malicious,fault_tolerant_marl,8,0.0,128.1735,2.8011,1026.625,153.5069,0.0277,0.023,0.0,0.0,,,,
byzantine,press,permanent,byzantine_mode,random_malicious,llm_replanning,8,0.0,95.9218,8.5032,696.25,124.1188,0.1553,0.0382,0.0,0.0,0.0083,0.0125,0.8289,0.0489
byzantine,press,permanent,byzantine_mode,random_malicious,none,8,0.0,124.9052,7.9173,1060.75,156.496,0.0319,0.0205,0.0,0.0,,,,
byzantine,press,permanent,byzantine_mode,random_malicious,rule_based,8,0.0,27.3879,5.8583,150.875,36.5679,0.5434,0.0382,0.0,0.0,0.0,0.0,1.0,0.0
byzantine,press,permanent,byzantine_mode,random_malicious,rule_based_detect,8,0.0,50.25,11.2747,292.0,75.7168,0.3387,0.0503,0.25,0.3208,0.011,0.0166,0.6887,0.0455
byzantine,press,permanent,byzantine_mode,random_malicious,supervisor,8,0.0,88.9758,13.9751,517.875,86.3564,0.2111,0.0699,0.0,0.0,0.2522,0.0395,0.7822,0.0374
byzantine,press,permanent,byzantine_mode,worst_action,fault_tolerant_marl,8,0.0,127.3818,3.7348,2532.625,152.5561,0.0017,0.0022,0.0,0.0,,,,
byzantine,press,permanent,byzantine_mode,worst_action,llm_replanning,8,0.0,116.0912,10.4796,1640.375,223.0531,0.0365,0.0223,0.0,0.0,0.0072,0.0107,0.9317,0.0225
byzantine,press,permanent,byzantine_mode,worst_action,none,8,0.0,122.7683,7.01,2452.875,90.9331,0.0,0.0,0.0,0.0,,,,
byzantine,press,permanent,byzantine_mode,worst_action,rule_based,8,0.0,27.3879,5.8583,150.875,36.5679,0.5434,0.0382,0.0,0.0,0.0,0.0,1.0,0.0
byzantine,press,permanent,byzantine_mode,worst_action,rule_based_detect,8,0.0,61.6191,12.3164,375.875,98.9359,0.2977,0.0476,0.0,0.0,0.009,0.0134,0.7582,0.0394
byzantine,press,permanent,byzantine_mode,worst_action,supervisor,8,0.0,108.4137,10.1817,925.25,172.0626,0.1087,0.0397,0.0,0.0,0.2523,0.0384,0.7807,0.031
byzantine,press,transient,byzantine_mode,fixed_malicious,fault_tolerant_marl,8,0.0,44.6732,7.3826,278.0,55.4829,0.3931,0.0492,0.5,0.3704,,,,
byzantine,press,transient,byzantine_mode,fixed_malicious,llm_replanning,8,0.0,16.45,8.9562,77.125,55.8409,0.5749,0.0587,0.25,0.3208,0.7876,0.069,0.4625,0.1182
byzantine,press,transient,byzantine_mode,fixed_malicious,none,8,0.0,46.7262,10.0868,280.375,62.9634,0.4244,0.0504,0.625,0.5156,,,,
byzantine,press,transient,byzantine_mode,fixed_malicious,rule_based,8,0.0,8.0621,3.061,32.5,11.6073,0.6557,0.0263,0.5,0.3704,0.0,0.0,1.0,0.0
byzantine,press,transient,byzantine_mode,fixed_malicious,rule_based_detect,8,0.5,9.5588,8.8841,42.875,38.0571,0.6009,0.054,0.75,0.3208,0.7894,0.0686,0.4312,0.0762
byzantine,press,transient,byzantine_mode,fixed_malicious,supervisor,8,0.0,7.9059,2.1135,30.125,7.4858,0.6492,0.019,0.25,0.3208,0.9068,0.0132,0.7188,0.1047
byzantine,press,transient,byzantine_mode,random_malicious,fault_tolerant_marl,8,0.0,29.6308,11.443,140.0,56.724,0.4831,0.0744,0.75,0.6142,,,,
byzantine,press,transient,byzantine_mode,random_malicious,llm_replanning,8,0.125,26.9892,11.8709,134.625,84.0542,0.5221,0.0584,0.5,0.3704,0.8016,0.0273,0.5312,0.103
byzantine,press,transient,byzantine_mode,random_malicious,none,8,0.0,35.2433,10.6961,188.375,85.7037,0.4758,0.0628,0.375,0.5156,,,,
byzantine,press,transient,byzantine_mode,random_malicious,rule_based,8,0.0,8.0621,3.061,32.5,11.6073,0.6557,0.0263,0.5,0.3704,0.0,0.0,1.0,0.0
byzantine,press,transient,byzantine_mode,random_malicious,rule_based_detect,8,0.25,22.275,10.1332,130.0,62.0459,0.5226,0.0669,0.75,0.49,0.8181,0.0523,0.5062,0.0538
byzantine,press,transient,byzantine_mode,random_malicious,supervisor,8,0.0,33.6809,19.4042,194.25,119.4255,0.5035,0.1024,0.125,0.245,0.9052,0.0131,0.7188,0.0961
byzantine,press,transient,byzantine_mode,worst_action,fault_tolerant_marl,8,0.0,40.7445,9.2577,322.25,43.7137,0.4604,0.0513,1.0,0.7408,,,,
byzantine,press,transient,byzantine_mode,worst_action,llm_replanning,8,0.0,43.5036,7.8262,274.75,70.1639,0.4336,0.0659,0.375,0.3586,0.82,0.0307,0.6312,0.0979
byzantine,press,transient,byzantine_mode,worst_action,none,8,0.0,41.7271,8.574,278.5,74.6704,0.4596,0.0471,0.375,0.3586,,,,
byzantine,press,transient,byzantine_mode,worst_action,rule_based,8,0.0,8.0621,3.061,32.5,11.6073,0.6557,0.0263,0.5,0.3704,0.0,0.0,1.0,0.0
byzantine,press,transient,byzantine_mode,worst_action,rule_based_detect,8,0.0,27.5115,3.5849,174.125,25.8739,0.4948,0.0396,0.75,0.3208,0.839,0.0183,0.5938,0.0569
byzantine,press,transient,byzantine_mode,worst_action,supervisor,8,0.0,35.4922,9.8602,201.375,54.4961,0.4874,0.0639,0.25,0.3208,0.8971,0.0084,0.7938,0.0795
byzantine,sort,permanent,byzantine_mode,fixed_malicious,fault_tolerant_marl,8,0.0,26.2296,6.164,50.0,26.4315,0.4251,0.0538,0.375,0.3586,,,,
byzantine,sort,permanent,byzantine_mode,fixed_malicious,llm_replanning,8,0.375,6.8288,6.1825,17.625,20.5531,0.6709,0.0635,1.0,0.7408,0.0243,0.0312,0.1577,0.0851
byzantine,sort,permanent,byzantine_mode,fixed_malicious,none,8,0.125,9.4359,9.5748,29.75,42.5269,0.6746,0.0617,1.125,0.7803,,,,
byzantine,sort,permanent,byzantine_mode,fixed_malicious,rule_based,8,1.0,0.0,0.0,0.0,0.0,0.706,0.0228,0.5,0.3704,0.0,0.0,1.0,0.0
byzantine,sort,permanent,byzantine_mode,fixed_malicious,rule_based_detect,8,0.75,2.327,3.1635,2.75,5.39,0.6598,0.0468,1.0,0.7408,0.0243,0.0321,0.1427,0.0677
byzantine,sort,permanent,byzantine_mode,fixed_malicious,supervisor,8,0.5,14.3791,10.2034,69.875,53.7514,0.6399,0.072,0.625,0.3586,0.2421,0.0307,0.8192,0.016
byzantine,sort,permanent,byzantine_mode,random_malicious,fault_tolerant_marl,8,0.0,29.3043,4.8242,56.25,25.9647,0.3746,0.0633,0.125,0.245,,,,
byzantine,sort,permanent,byzantine_mode,random_malicious,llm_replanning,8,0.0,15.6041,9.5934,47.875,49.0706,0.5345,0.0323,0.25,0.3208,0.019,0.0288,0.2114,0.094
byzantine,sort,permanent,byzantine_mode,random_malicious,none,8,0.0,20.8552,10.234,65.25,56.8554,0.5096,0.0389,0.25,0.3208,,,,
byzantine,sort,permanent,byzantine_mode,random_malicious,rule_based,8,1.0,0.0,0.0,0.0,0.0,0.706,0.0228,0.5,0.3704,0.0,0.0,1.0,0.0
byzantine,sort,permanent,byzantine_mode,random_malicious,rule_based_detect,8,0.0,13.9178,7.1442,33.25,30.8944,0.5015,0.0435,0.25,0.3208,0.015,0.023,0.2538,0.1111
byzantine,sort,permanent,byzantine_mode,random_malicious,supervisor,8,0.5,7.0841,5.7803,38.875,31.385,0.6764,0.0566,0.875,0.5783,0.2469,0.0317,0.7986,0.0178
byzantine,sort,permanent,byzantine_mode,worst_action,fault_tolerant_marl,8,0.0,45.0735,6.6612,11.25,6.8974,0.0967,0.052,0.0,0.0,,,,
byzantine,sort,permanent,byzantine_mode,worst_action,llm_replanning,8,0.0,21.922,7.0358,37.875,26.8293,0.4157,0.0597,0.125,0.245,0.0144,0.0222,0.4164,0.061
byzantine,sort,permanent,byzantine_mode,worst_action,none,8,0.0,44.5712,10.4386,75.0,36.3224,0.1593,0.0334,0.0,0.0,,,,
byzantine,sort,permanent,byzantine_mode,worst_action,rule_based,8,1.0,0.0,0.0,0.0,0.0,0.706,0.0228,0.5,0.3704,0.0,0.0,1.0,0.0
byzantine,sort,permanent,byzantine_mode,worst_action,rule_based_detect,8,0.0,23.1413,7.365,34.875,25.3137,0.3609,0.0734,0.125,0.245,0.0125,0.0191,0.4832,0.0987
byzantine,sort,permanent,byzantine_mode,worst_action,supervisor,8,0.375,14.3632,11.1848,64.25,54.7332,0.626,0.0744,0.875,0.4441,0.2488,0.0346,0.7922,0.0149
byzantine,sort,transient,byzantine_mode,fixed_malicious,fault_tolerant_marl,8,0.25,6.0803,3.399,22.25,13.8382,0.5894,0.0329,1.25,0.6142,,,,
byzantine,sort,transient,byzantine_mode,fixed_malicious,llm_replanning,8,0.375,14.5626,12.7516,72.875,64.3892,0.5974,0.084,0.625,0.3586,0.9021,0.0705,0.175,0.1171
byzantine,sort,transient,byzantine_mode,fixed_malicious,none,8,0.5,8.2985,8.2887,43.375,44.1605,0.6464,0.0618,0.625,0.3586,,,,
byzantine,sort,transient,byzantine_mode,fixed_malicious,rule_based,8,1.0,0.0,0.0,0.0,0.0,0.706,0.0228,0.5,0.3704,0.0,0.0,1.0,0.0
byzantine,sort,transient,byzantine_mode,fixed_malicious,rule_based_detect,8,0.375,6.8086,4.6515,29.0,24.1588,0.5945,0.0489,0.625,0.3586,0.9209,0.0535,0.175,0.1171
byzantine,sort,transient,byzantine_mode,fixed_malicious,supervisor,8,0.75,2.6255,2.869,15.25,19.7838,0.6882,0.0346,0.5,0.3704,0.9028,0.0082,0.775,0.0717
byzantine,sort,transient,byzantine_mode,random_malicious,fault_tolerant_marl,8,0.25,5.6459,2.4887,22.625,8.591,0.5733,0.0239,1.5,0.5238,,,,
byzantine,sort,transient,byzantine_mode,random_malicious,llm_replanning,8,0.25,10.631,7.1207,53.625,36.2485,0.6193,0.0453,0.75,0.49,0.9326,0.0545,0.15,0.1296
byzantine,sort,transient,byzantine_mode,random_malicious,none,8,0.5,5.3628,5.0333,30.5,27.9748,0.6666,0.0533,1.0,0.3704,,,,
byzantine,sort,transient,byzantine_mode,random_malicious,rule_based,8,1.0,0.0,0.0,0.0,0.0,0.706,0.0228,0.5,0.3704,0.0,0.0,1.0,0.0
byzantine,sort,transient,byzantine_mode,random_malicious,rule_based_detect,8,0.5,5.7583,4.2736,25.75,20.765,0.6157,0.0489,0.625,0.5156,0.9236,0.0682,0.1812,0.1697
byzantine,sort,transient,byzantine_mode,random_malicious,supervisor,8,0.625,2.3168,2.0606,15.0,14.1967,0.6861,0.0275,0.5,0.3704,0.9067,0.0108,0.7375,0.0844
byzantine,sort,transient,byzantine_mode,worst_action,fault_tolerant_marl,8,0.0,11.7835,3.2651,42.5,13.0223,0.5405,0.0536,0.875,0.5783,,,,
byzantine,sort,transient,byzantine_mode,worst_action,llm_replanning,8,0.375,15.8191,16.6407,81.375,86.2606,0.5789,0.102,1.375,0.3586,0.9084,0.0727,0.2125,0.1715
byzantine,sort,transient,byzantine_mode,worst_action,none,8,0.5,10.9451,9.1529,57.0,47.8655,0.6236,0.0822,1.25,0.3208,,,,
byzantine,sort,transient,byzantine_mode,worst_action,rule_based,8,1.0,0.0,0.0,0.0,0.0,0.706,0.0228,0.5,0.3704,0.0,0.0,1.0,0.0
byzantine,sort,transient,byzantine_mode,worst_action,rule_based_detect,8,0.375,6.7904,5.0995,31.0,24.0221,0.5847,0.069,1.0,0.5238,0.9007,0.0715,0.2562,0.2016
byzantine,sort,transient,byzantine_mode,worst_action,supervisor,8,0.5,2.8345,2.873,17.875,19.577,0.6927,0.0429,0.875,0.5783,0.9091,0.012,0.7062,0.0877
comms_loss,press,permanent,comms_mode,blackout,fault_tolerant_marl,8,0.0,14.9239,6.8474,27.375,14.8298,0.5474,0.0666,0.875,0.6867,,,,
comms_loss,press,permanent,comms_mode,blackout,llm_replanning,8,0.0,66.4515,10.6912,338.0,37.9082,0.2978,0.0531,0.0,0.0,0.0127,0.0188,0.6134,0.0716
comms_loss,press,permanent,comms_mode,blackout,none,8,0.0,76.2691,9.3609,384.75,31.878,0.2619,0.0448,0.0,0.0,,,,
comms_loss,press,permanent,comms_mode,blackout,rule_based,8,0.0,27.3879,5.8583,150.875,36.5679,0.5434,0.0382,0.0,0.0,0.0,0.0,1.0,0.0
comms_loss,press,permanent,comms_mode,blackout,rule_based_detect,8,0.0,28.2928,7.3059,145.375,32.7928,0.5056,0.0252,0.5,0.3704,0.0154,0.0228,0.4436,0.0219
comms_loss,press,permanent,comms_mode,blackout,supervisor,8,0.0,72.8126,8.0952,350.875,13.0719,0.2784,0.0329,0.0,0.0,0.2373,0.0305,0.8415,0.0175
comms_loss,press,permanent,comms_mode,stale,fault_tolerant_marl,8,0.375,8.1317,7.5378,26.5,26.5893,0.5785,0.0631,1.125,0.5783,,,,
comms_loss,press,permanent,comms_mode,stale,llm_replanning,8,0.375,10.5014,7.8046,44.875,42.5361,0.6311,0.0524,0.25,0.3208,0.0482,0.0708,0.1884,0.0507
comms_loss,press,permanent,comms_mode,stale,none,8,0.375,6.643,3.2965,25.5,15.2677,0.6715,0.0233,0.375,0.3586,,,,
comms_loss,press,permanent,comms_mode,stale,rule_based,8,0.0,27.3879,5.8583,150.875,36.5679,0.5434,0.0382,0.0,0.0,0.0,0.0,1.0,0.0
comms_loss,press,permanent,comms_mode,stale,rule_based_detect,8,0.375,8.5036,5.3846,34.25,22.7874,0.6119,0.0347,0.25,0.3208,0.0278,0.0412,0.2363,0.0253
comms_loss,press,permanent,comms_mode,stale,supervisor,8,0.375,11.1608,6.4183,43.25,27.2764,0.6379,0.0318,0.375,0.3586,0.2454,0.0332,0.8063,0.0223
comms_loss,press,transient,comms_mode,blackout,fault_tolerant_marl,8,0.875,1.2649,2.088,5.375,10.535,0.6225,0.0303,1.5,0.5238,,,,
comms_loss,press,transient,comms_mode,blackout,llm_replanning,8,0.375,9.5468,8.7183,40.5,41.4242,0.6231,0.0662,0.5,0.3704,0.8871,0.1036,0.2188,0.2175
comms_loss,press,transient,comms_mode,blackout,none,8,0.75,4.8843,5.9698,17.375,20.8941,0.664,0.0629,0.5,0.3704,,,,
comms_loss,press,transient,comms_mode,blackout,rule_based,8,0.0,8.0621,3.061,32.5,11.6073,0.6557,0.0263,0.5,0.3704,0.0,0.0,1.0,0.0
comms_loss,press,transient,comms_mode,blackout,rule_based_detect,8,1.0,0.0,0.0,0.0,0.0,0.648,0.0177,0.5,0.3704,0.9139,0.0745,0.1562,0.1354
comms_loss,press,transient,comms_mode,blackout,supervisor,8,0.625,9.9495,11.3275,45.625,51.687,0.6363,0.0904,0.5,0.3704,0.9014,0.0087,0.7812,0.0806
comms_loss,press,transient,comms_mode,stale,fault_tolerant_marl,8,0.875,0.8913,1.7469,4.125,8.085,0.608,0.0173,1.5,0.3704,,,,
comms_loss,press,transient,comms_mode,stale,llm_replanning,8,0.5,1.7128,1.4227,8.0,8.2576,0.6826,0.0217,0.5,0.3704,0.902,0.1014,0.1312,0.1255
comms_loss,press,transient,comms_mode,stale,none,8,1.0,0.0,0.0,0.0,0.0,0.706,0.0228,0.5,0.3704,,,,
comms_loss,press,transient,comms_mode,stale,rule_based,8,0.0,8.0621,3.061,32.5,11.6073,0.6557,0.0263,0.5,0.3704,0.0,0.0,1.0,0.0
comms_loss,press,transient,comms_mode,stale,rule_based_detect,8,1.0,0.0,0.0,0.0,0.0,0.648,0.0177,0.5,0.3704,0.9139,0.0745,0.1562,0.1354
comms_loss,press,transient,comms_mode,stale,supervisor,8,1.0,0.0,0.0,0.0,0.0,0.706,0.0228,0.5,0.3704,0.9026,0.0098,0.7875,0.0823
sensor_noise,both,permanent,,,fault_tolerant_marl,8,0.0,42.3056,16.2185,182.75,89.4594,0.3938,0.0738,0.375,0.3586,,,,
sensor_noise,both,permanent,,,llm_replanning,8,0.0,27.0558,9.4489,146.875,52.8933,0.5175,0.0712,0.625,0.3586,0.0167,0.0247,0.3691,0.0861
sensor_noise,both,permanent,,,none,8,0.0,48.9611,17.3108,257.25,85.3989,0.4141,0.0905,0.625,0.3586,,,,
sensor_noise,both,permanent,,,rule_based,8,0.0,27.3879,5.8583,150.875,36.5679,0.5434,0.0382,0.0,0.0,0.0,0.0,1.0,0.0
sensor_noise,both,permanent,,,rule_based_detect,8,0.0,30.7215,9.7281,176.25,55.7651,0.4669,0.0595,0.5,0.5238,0.0174,0.028,0.4446,0.0841
sensor_noise,both,permanent,,,supervisor,8,0.0,46.966,14.344,252.625,72.3542,0.429,0.0725,0.625,0.5156,0.2543,0.0312,0.7669,0.0212
sensor_noise,both,transient,,,fault_tolerant_marl,8,0.5,9.978,8.595,39.75,40.0136,0.568,0.0385,1.0,0.5238,,,,
sensor_noise,both,transient,,,llm_replanning,8,0.375,11.0372,7.4358,47.875,34.9232,0.6234,0.0606,0.75,0.3208,0.8789,0.0904,0.2688,0.1614
sensor_noise,both,transient,,,none,8,0.25,10.9854,8.133,52.875,41.9482,0.6444,0.0563,0.75,0.3208,,,,
sensor_noise,both,transient,,,rule_based,8,0.0,8.0621,3.061,32.5,11.6073,0.6557,0.0263,0.5,0.3704,0.0,0.0,1.0,0.0
sensor_noise,both,transient,,,rule_based_detect,8,0.375,12.1494,8.9157,65.375,50.1443,0.5659,0.0588,0.375,0.3586,0.9203,0.0571,0.225,0.1527
sensor_noise,both,transient,,,supervisor,8,0.375,17.3888,14.2839,91.375,81.0324,0.5962,0.0985,0.375,0.3586,0.903,0.0098,0.75,0.0888
sensor_noise,press,permanent,,,fault_tolerant_marl,8,0.0,42.5192,11.4634,178.5,57.286,0.3798,0.0829,0.125,0.245,,,,
sensor_noise,press,permanent,,,llm_replanning,8,0.0,43.4998,15.972,227.25,98.2194,0.411,0.0985,0.0,0.0,0.0103,0.0158,0.5035,0.113
sensor_noise,press,permanent,,,none,8,0.0,44.3345,8.8677,251.75,58.0813,0.4228,0.0686,0.25,0.3208,,,,
sensor_noise,press,permanent,,,rule_based,8,0.0,27.3879,5.8583,150.875,36.5679,0.5434,0.0382,0.0,0.0,0.0,0.0,1.0,0.0
sensor_noise,press,permanent,,,rule_based_detect,8,0.0,29.1658,4.5424,181.0,52.7668,0.4537,0.0594,0.375,0.3586,0.0122,0.0186,0.4765,0.0514
sensor_noise,press,permanent,,,supervisor,8,0.0,52.4143,9.0202,294.625,46.2086,0.3925,0.0477,0.25,0.3208,0.2486,0.034,0.7923,0.0174
sensor_noise,press,transient,,,fault_tolerant_marl,8,0.5,7.5876,7.317,27.0,28.3959,0.5668,0.0416,1.0,0.3704,,,,
sensor_noise,press,transient,,,llm_replanning,8,0.25,12.4448,8.5742,59.75,52.3567,0.6051,0.0595,0.5,0.3704,0.8736,0.1159,0.2438,0.2163
sensor_noise,press,transient,,,none,8,0.125,12.165,9.8568,59.625,56.3429,0.6157,0.0792,0.5,0.3704,,,,
sensor_noise,press,transient,,,rule_based,8,0.0,8.0621,3.061,32.5,11.6073,0.6557,0.0263,0.5,0.3704,0.0,0.0,1.0,0.0
sensor_noise,press,transient,,,rule_based_detect,8,0.125,16.371,9.3752,83.0,54.235,0.5248,0.0695,0.625,0.3586,0.9214,0.0667,0.2312,0.1727
sensor_noise,press,transient,,,supervisor,8,0.375,17.8622,16.6498,89.25,86.559,0.5863,0.1198,0.375,0.3586,0.9041,0.0104,0.75,0.0828
sensor_noise,sort,permanent,,,fault_tolerant_marl,8,0.125,2.9147,1.0498,5.875,3.0642,0.5804,0.0188,1.5,0.3704,,,,
sensor_noise,sort,permanent,,,llm_replanning,8,0.625,2.8837,3.2008,12.875,14.9151,0.669,0.0339,0.5,0.3704,0.0352,0.0471,0.1566,0.039
sensor_noise,sort,permanent,,,none,8,0.75,0.9986,0.8588,4.125,5.0846,0.6966,0.023,0.5,0.3704,,,,
sensor_noise,sort,permanent,,,rule_based,8,1.0,0.0,0.0,0.0,0.0,0.706,0.0228,0.5,0.3704,0.0,0.0,1.0,0.0
sensor_noise,sort,permanent,,,rule_based_detect,8,0.75,2.6387,2.3355,10.125,9.0385,0.6341,0.0202,0.5,0.3704,0.0262,0.0382,0.1943,0.0388
sensor_noise,sort,permanent,,,supervisor,8,0.875,0.5639,0.5423,3.0,3.2503,0.6974,0.0228,0.5,0.3704,0.2421,0.0312,0.8196,0.0158
sensor_noise,sort,transient,,,fault_tolerant_marl,8,0.875,0.6962,0.7959,1.25,1.5159,0.5955,0.0205,1.5,0.3704,,,,
sensor_noise,sort,transient,,,llm_replanning,8,0.625,1.5641,1.3495,6.625,6.0969,0.684,0.0209,0.5,0.3704,0.864,0.1175,0.1438,0.1221
sensor_noise,sort,transient,,,none,8,1.0,0.4478,0.4409,2.5,2.671,0.7,0.0223,0.5,0.3704,,,,
sensor_noise,sort,transient,,,rule_based,8,1.0,0.0,0.0,0.0,0.0,0.706,0.0228,0.5,0.3704,0.0,0.0,1.0,0.0
sensor_noise,sort,transient,,,rule_based_detect,8,1.0,0.6301,0.528,2.625,2.483,0.6427,0.0193,0.5,0.3704,0.9143,0.0746,0.1562,0.1354
sensor_noise,sort,transient,,,supervisor,8,1.0,0.1965,0.1606,1.0,1.2285,0.7017,0.0214,0.5,0.3704,0.903,0.01,0.7812,0.0827
